<?xml version="1.0" encoding="UTF-8"?>

<Bundle xmlns="http://hl7.org/fhir">
  <id value="674340f6-3a29-4c7a-afe4-12cac260a980"/>
  <meta>
    <profile value="http://medcomfhir.dk/ig/acknowledgement/StructureDefinition/medcom-messaging-acknowledgement"/>
  </meta>
  <type value="message"/>
  <timestamp value="2024-12-05T11:09:00Z"/>
  <entry>
    <fullUrl value="https://medcomfhir.dk/ig/acknowledgement/MessageHeader/ec5802cb-0229-4156-ad20-e05c952af9ff"/>
    <resource>
      <MessageHeader>
        <id value="ec5802cb-0229-4156-ad20-e05c952af9ff"/>
        <meta>
          <profile value="http://medcomfhir.dk/ig/acknowledgement/StructureDefinition/medcom-messaging-acknowledgementHeader"/>
        </meta>
        <text>
          <status value="generated"/><div xmlns="http://www.w3.org/1999/xhtml"><a name="MessageHeader_ec5802cb-0229-4156-ad20-e05c952af9ff"> </a><p class="res-header-id"><b>Generated Narrative: MessageHeader ec5802cb-0229-4156-ad20-e05c952af9ff</b></p><a name="ec5802cb-0229-4156-ad20-e05c952af9ff"> </a><a name="hcec5802cb-0229-4156-ad20-e05c952af9ff"> </a><a name="ec5802cb-0229-4156-ad20-e05c952af9ff-da-DK"> </a><p><b>event</b>: <a href="http://medcomfhir.dk/ig/terminology/1.7.0/CodeSystem-medcom-messaging-eventCodes.html#medcom-messaging-eventCodes-acknowledgement-message">MedComMessagingEventCodes acknowledgement-message</a>: Acknowledgement Message</p><h3>Destinations</h3><table class="grid"><tr><td style="display: none">-</td><td><b>Extension</b></td><td><b>Endpoint</b></td><td><b>Receiver</b></td></tr><tr><td style="display: none">*</td><td/><td><a href="https://sor2.sum.dsdn.dk/#id=265161000016000">https://sor2.sum.dsdn.dk/#id=265161000016000</a></td><td><a href="Organization-fa5eba7a-8bfc-4226-8473-1065b0c6562d.html">Organization Receiver Organization</a></td></tr></table><p><b>sender</b>: <a href="Organization-cf76194d-914f-45c3-89e3-7ec596d05713.html">Organization Sender Organization</a></p><h3>Sources</h3><table class="grid"><tr><td style="display: none">-</td><td><b>Endpoint</b></td></tr><tr><td style="display: none">*</td><td><a href="https://sor2.sum.dsdn.dk/#id=953741000016009">https://sor2.sum.dsdn.dk/#id=953741000016009</a></td></tr></table><h3>Responses</h3><table class="grid"><tr><td style="display: none">-</td><td><b>Identifier</b></td><td><b>Code</b></td><td><b>Details</b></td></tr><tr><td style="display: none">*</td><td>53128d9b-cede-4c7f-8904-809eab322d7d</td><td>Fatal Error</td><td><a href="OperationOutcome-28ca031e-294c-4471-b5bc-bde7aa20df3c.html">OperationOutcome</a></td></tr></table><p><b>definition</b>: <code>http://medcomfhir.dk/ig/acknowledgement/medcom-acknowledgement-message-definition|2.0.0</code></p></div>
        </text>
        <eventCoding>
          <system value="http://medcomfhir.dk/ig/terminology/CodeSystem/medcom-messaging-eventCodes"/>
          <code value="acknowledgement-message"/>
        </eventCoding>
        <destination>
          <extension url="http://medcomfhir.dk/ig/messaging/StructureDefinition/medcom-messaging-destinationUseExtension">
            <valueCoding>
              <system value="http://medcomfhir.dk/ig/terminology/CodeSystem/medcom-messaging-destinationUse"/>
              <code value="primary"/>
            </valueCoding>
          </extension>
          <endpoint value="https://sor2.sum.dsdn.dk/#id=265161000016000"/>
          <receiver>
            <reference value="Organization/fa5eba7a-8bfc-4226-8473-1065b0c6562d"/>
          </receiver>
        </destination>
        <sender>
          <reference value="Organization/cf76194d-914f-45c3-89e3-7ec596d05713"/>
        </sender>
        <source>
          <endpoint value="https://sor2.sum.dsdn.dk/#id=953741000016009"/>
        </source>
        <response>
          <identifier value="53128d9b-cede-4c7f-8904-809eab322d7d"/>
          <code value="fatal-error"/>
          <details>
            <reference value="OperationOutcome/28ca031e-294c-4471-b5bc-bde7aa20df3c"/>
          </details>
        </response>
        <definition value="http://medcomfhir.dk/ig/acknowledgement/medcom-acknowledgement-message-definition|2.0.0"/>
      </MessageHeader>
    </resource>
  </entry>
  <entry>
    <fullUrl value="https://medcomfhir.dk/ig/acknowledgement/Provenance/59db7751-a217-4cb0-a9f4-87a21097b6de"/>
    <resource>
      <Provenance>
        <id value="59db7751-a217-4cb0-a9f4-87a21097b6de"/>
        <meta>
          <profile value="http://medcomfhir.dk/ig/messaging/StructureDefinition/medcom-messaging-provenance"/>
        </meta>
        <text>
          <status value="generated"/><div xmlns="http://www.w3.org/1999/xhtml"><a name="Provenance_59db7751-a217-4cb0-a9f4-87a21097b6de"> </a><p class="res-header-id"><b>Generated Narrative: Provenance 59db7751-a217-4cb0-a9f4-87a21097b6de</b></p><a name="59db7751-a217-4cb0-a9f4-87a21097b6de"> </a><a name="hc59db7751-a217-4cb0-a9f4-87a21097b6de"> </a><a name="59db7751-a217-4cb0-a9f4-87a21097b6de-da-DK"> </a><p>Provenance for <a href="MessageHeader-42cb9200-f421-4d08-8391-7d51a2503cb4.html">MessageHeader: event[x] = Care Communication Message (MedComMessagingEventCodes#care-communication-message)</a></p><p>Summary</p><table class="grid"><tr><td>Occurrence</td><td>2024-12-05 11:09:20+0100</td></tr><tr><td>Recorded</td><td>2024-12-05 11:09:20+0000</td></tr><tr><td>Activity</td><td><span title="Codes:{http://medcomfhir.dk/ig/terminology/CodeSystem/medcom-messaging-activityCodes new-message}">A new message has been sent</span></td></tr></table><p><b>Agents</b></p><table class="grid"><tr><td><b>who</b></td></tr><tr><td><a href="Organization-cf76194d-914f-45c3-89e3-7ec596d05713.html">Organization Sender Organization</a></td></tr></table></div>
        </text>
        <target>
          <reference value="MessageHeader/42cb9200-f421-4d08-8391-7d51a2503cb4"/>
        </target>
        <occurredDateTime value="2024-12-05T11:09:20+01:00"/>
        <recorded value="2024-12-05T11:09:20Z"/>
        <activity>
          <coding>
            <system value="http://medcomfhir.dk/ig/terminology/CodeSystem/medcom-messaging-activityCodes"/>
            <code value="new-message"/>
          </coding>
        </activity>
        <agent>
          <who>
            <reference value="Organization/cf76194d-914f-45c3-89e3-7ec596d05713"/>
          </who>
        </agent>
      </Provenance>
    </resource>
  </entry>
  <entry>
    <fullUrl value="https://medcomfhir.dk/ig/acknowledgement/Provenance/a55e63cc-8a88-45b7-8e8a-882f6cb36e14"/>
    <resource>
      <Provenance>
        <id value="a55e63cc-8a88-45b7-8e8a-882f6cb36e14"/>
        <meta>
          <profile value="http://medcomfhir.dk/ig/messaging/StructureDefinition/medcom-messaging-provenance"/>
        </meta>
        <text>
          <status value="generated"/><div xmlns="http://www.w3.org/1999/xhtml"><a name="Provenance_a55e63cc-8a88-45b7-8e8a-882f6cb36e14"> </a><p class="res-header-id"><b>Generated Narrative: Provenance a55e63cc-8a88-45b7-8e8a-882f6cb36e14</b></p><a name="a55e63cc-8a88-45b7-8e8a-882f6cb36e14"> </a><a name="hca55e63cc-8a88-45b7-8e8a-882f6cb36e14"> </a><a name="a55e63cc-8a88-45b7-8e8a-882f6cb36e14-da-DK"> </a><p>Provenance for <a href="MessageHeader-ec5802cb-0229-4156-ad20-e05c952af9ff.html">MessageHeader: event[x] = Acknowledgement Message (MedComMessagingEventCodes#acknowledgement-message); definition = http://medcomfhir.dk/ig/acknowledgement/medcom-acknowledgement-message-definition|2.0.0</a></p><p>Summary</p><table class="grid"><tr><td>Occurrence</td><td>2024-12-05 11:09:20+0100</td></tr><tr><td>Recorded</td><td>2024-12-05 11:09:20+0000</td></tr><tr><td>Activity</td><td><span title="Codes:{http://medcomfhir.dk/ig/terminology/CodeSystem/medcom-messaging-activityCodes acknowledgement}">Acknowledgement message has been sent</span></td></tr></table><p><b>Agents</b></p><table class="grid"><tr><td><b>who</b></td></tr><tr><td><a href="Organization-fa5eba7a-8bfc-4226-8473-1065b0c6562d.html">Organization Receiver Organization</a></td></tr></table></div>
        </text>
        <target>
          <reference value="MessageHeader/ec5802cb-0229-4156-ad20-e05c952af9ff"/>
        </target>
        <occurredDateTime value="2024-12-05T11:09:20+01:00"/>
        <recorded value="2024-12-05T11:09:20Z"/>
        <activity>
          <coding>
            <system value="http://medcomfhir.dk/ig/terminology/CodeSystem/medcom-messaging-activityCodes"/>
            <code value="acknowledgement"/>
          </coding>
        </activity>
        <agent>
          <who>
            <reference value="Organization/fa5eba7a-8bfc-4226-8473-1065b0c6562d"/>
          </who>
        </agent>
        <entity>
          <role value="revision"/>
          <what>
            <reference value="MessageHeader/42cb9200-f421-4d08-8391-7d51a2503cb4"/>
          </what>
        </entity>
      </Provenance>
    </resource>
  </entry>
  <entry>
    <fullUrl value="https://medcomfhir.dk/ig/acknowledgement/Organization/cf76194d-914f-45c3-89e3-7ec596d05713"/>
    <resource>
      <Organization>
        <id value="cf76194d-914f-45c3-89e3-7ec596d05713"/>
        <meta>
          <profile value="http://medcomfhir.dk/ig/messaging/StructureDefinition/medcom-messaging-organization"/>
        </meta>
        <text>
          <status value="generated"/><div xmlns="http://www.w3.org/1999/xhtml"><a name="Organization_cf76194d-914f-45c3-89e3-7ec596d05713"> </a><p class="res-header-id"><b>Generated Narrative: Organization cf76194d-914f-45c3-89e3-7ec596d05713</b></p><a name="cf76194d-914f-45c3-89e3-7ec596d05713"> </a><a name="hccf76194d-914f-45c3-89e3-7ec596d05713"> </a><a name="cf76194d-914f-45c3-89e3-7ec596d05713-da-DK"> </a><p><b>identifier</b>: <code>https://www.gs1.org/gln</code>/5790001348120, <code>urn:oid:1.2.208.176.1.1</code>/953741000016009</p><p><b>name</b>: Sender Organization</p></div>
        </text>
        <identifier>
          <system value="https://www.gs1.org/gln"/>
          <value value="5790001348120"/>
        </identifier>
        <identifier>
          <system value="urn:oid:1.2.208.176.1.1"/>
          <value value="953741000016009"/>
        </identifier>
        <name value="Sender Organization"/>
      </Organization>
    </resource>
  </entry>
  <entry>
    <fullUrl value="https://medcomfhir.dk/ig/acknowledgement/Organization/fa5eba7a-8bfc-4226-8473-1065b0c6562d"/>
    <resource>
      <Organization>
        <id value="fa5eba7a-8bfc-4226-8473-1065b0c6562d"/>
        <meta>
          <profile value="http://medcomfhir.dk/ig/messaging/StructureDefinition/medcom-messaging-organization"/>
        </meta>
        <text>
          <status value="generated"/><div xmlns="http://www.w3.org/1999/xhtml"><a name="Organization_fa5eba7a-8bfc-4226-8473-1065b0c6562d"> </a><p class="res-header-id"><b>Generated Narrative: Organization fa5eba7a-8bfc-4226-8473-1065b0c6562d</b></p><a name="fa5eba7a-8bfc-4226-8473-1065b0c6562d"> </a><a name="hcfa5eba7a-8bfc-4226-8473-1065b0c6562d"> </a><a name="fa5eba7a-8bfc-4226-8473-1065b0c6562d-da-DK"> </a><p><b>identifier</b>: <code>https://www.gs1.org/gln</code>/5790000209354, <code>urn:oid:1.2.208.176.1.1</code>/265161000016000</p><p><b>name</b>: Receiver Organization</p></div>
        </text>
        <identifier>
          <system value="https://www.gs1.org/gln"/>
          <value value="5790000209354"/>
        </identifier>
        <identifier>
          <system value="urn:oid:1.2.208.176.1.1"/>
          <value value="265161000016000"/>
        </identifier>
        <name value="Receiver Organization"/>
      </Organization>
    </resource>
  </entry>
  <entry>
    <fullUrl value="https://medcomfhir.dk/ig/acknowledgement/OperationOutcome/28ca031e-294c-4471-b5bc-bde7aa20df3c"/>
    <resource>
      <OperationOutcome>
        <id value="28ca031e-294c-4471-b5bc-bde7aa20df3c"/>
        <meta>
          <profile value="http://medcomfhir.dk/ig/acknowledgement/StructureDefinition/medcom-acknowledgement-operationoutcome"/>
        </meta>
        <text>
          <status value="generated"/><div xmlns="http://www.w3.org/1999/xhtml"><a name="OperationOutcome_28ca031e-294c-4471-b5bc-bde7aa20df3c"> </a><p class="res-header-id"><b>Generated Narrative: OperationOutcome 28ca031e-294c-4471-b5bc-bde7aa20df3c</b></p><a name="28ca031e-294c-4471-b5bc-bde7aa20df3c"> </a><a name="hc28ca031e-294c-4471-b5bc-bde7aa20df3c"> </a><a name="28ca031e-294c-4471-b5bc-bde7aa20df3c-da-DK"> </a><h3>Issues</h3><table class="grid"><tr><td style="display: none">-</td><td><b>Severity</b></td><td><b>Code</b></td><td><b>Details</b></td></tr><tr><td style="display: none">*</td><td>Error</td><td>Structural Issue</td><td><span title="Codes:{http://medcomfhir.dk/ig/terminology/CodeSystem/medcom-acknowledgement-error-codes MSG_VALUESET_VALUE_UNKNOWN}">The value provided is not in the valueSet</span></td></tr></table></div>
        </text>
        <issue>
          <severity value="error"/>
          <code value="structure"/>
          <details>
            <coding>
              <system value="http://medcomfhir.dk/ig/terminology/CodeSystem/medcom-acknowledgement-error-codes"/>
              <code value="MSG_VALUESET_VALUE_UNKNOWN"/>
            </coding>
          </details>
        </issue>
      </OperationOutcome>
    </resource>
  </entry>
</Bundle>