<?xml version="1.0" encoding="UTF-8"?>

<Bundle xmlns="http://hl7.org/fhir">
  <id value="5445e556-aa51-4eea-8871-887fb3afacda"/>
  <meta>
    <profile value="http://medcomfhir.dk/ig/acknowledgement/StructureDefinition/medcom-messaging-acknowledgement"/>
  </meta>
  <type value="message"/>
  <timestamp value="2024-12-05T11:15:00Z"/>
  <entry>
    <fullUrl value="https://medcomfhir.dk/ig/acknowledgement/MessageHeader/fb00b77f-c2d5-4f4e-ab3f-1f257b06cae7"/>
    <resource>
      <MessageHeader>
        <id value="fb00b77f-c2d5-4f4e-ab3f-1f257b06cae7"/>
        <meta>
          <profile value="http://medcomfhir.dk/ig/acknowledgement/StructureDefinition/medcom-messaging-acknowledgementHeader"/>
        </meta>
        <text>
          <status value="generated"/><div xmlns="http://www.w3.org/1999/xhtml"><a name="MessageHeader_fb00b77f-c2d5-4f4e-ab3f-1f257b06cae7"> </a><p class="res-header-id"><b>Generated Narrative: MessageHeader fb00b77f-c2d5-4f4e-ab3f-1f257b06cae7</b></p><a name="fb00b77f-c2d5-4f4e-ab3f-1f257b06cae7"> </a><a name="hcfb00b77f-c2d5-4f4e-ab3f-1f257b06cae7"> </a><a name="fb00b77f-c2d5-4f4e-ab3f-1f257b06cae7-da-DK"> </a><p><b>event</b>: <a href="http://medcomfhir.dk/ig/terminology/1.7.0/CodeSystem-medcom-messaging-eventCodes.html#medcom-messaging-eventCodes-acknowledgement-message">MedComMessagingEventCodes acknowledgement-message</a>: Acknowledgement Message</p><h3>Destinations</h3><table class="grid"><tr><td style="display: none">-</td><td><b>Extension</b></td><td><b>Endpoint</b></td><td><b>Receiver</b></td></tr><tr><td style="display: none">*</td><td/><td><a href="https://sor2.sum.dsdn.dk/#id=265161000016000">https://sor2.sum.dsdn.dk/#id=265161000016000</a></td><td><a href="Organization-6a52c4a7-5025-4b7f-ae1e-df164c9a4739.html">Organization Receiver Organization</a></td></tr></table><p><b>sender</b>: <a href="Organization-786e8cc2-f8b1-4270-872c-1a0e8a06d9d0.html">Organization Sender Organization</a></p><h3>Sources</h3><table class="grid"><tr><td style="display: none">-</td><td><b>Endpoint</b></td></tr><tr><td style="display: none">*</td><td><a href="https://sor2.sum.dsdn.dk/#id=953741000016009">https://sor2.sum.dsdn.dk/#id=953741000016009</a></td></tr></table><h3>Responses</h3><table class="grid"><tr><td style="display: none">-</td><td><b>Identifier</b></td><td><b>Code</b></td><td><b>Details</b></td></tr><tr><td style="display: none">*</td><td>53128d9b-cede-4c7f-8904-809eab322d7d</td><td>Transient Error</td><td><a href="OperationOutcome-821ae7c4-702f-431e-a0fc-32abcac1f248.html">OperationOutcome</a></td></tr></table><p><b>definition</b>: <code>http://medcomfhir.dk/ig/acknowledgement/medcom-acknowledgement-message-definition|2.0.0</code></p></div>
        </text>
        <eventCoding>
          <system value="http://medcomfhir.dk/ig/terminology/CodeSystem/medcom-messaging-eventCodes"/>
          <code value="acknowledgement-message"/>
        </eventCoding>
        <destination>
          <extension url="http://medcomfhir.dk/ig/messaging/StructureDefinition/medcom-messaging-destinationUseExtension">
            <valueCoding>
              <system value="http://medcomfhir.dk/ig/terminology/CodeSystem/medcom-messaging-destinationUse"/>
              <code value="primary"/>
            </valueCoding>
          </extension>
          <endpoint value="https://sor2.sum.dsdn.dk/#id=265161000016000"/>
          <receiver>
            <reference value="Organization/6a52c4a7-5025-4b7f-ae1e-df164c9a4739"/>
          </receiver>
        </destination>
        <sender>
          <reference value="Organization/786e8cc2-f8b1-4270-872c-1a0e8a06d9d0"/>
        </sender>
        <source>
          <endpoint value="https://sor2.sum.dsdn.dk/#id=953741000016009"/>
        </source>
        <response>
          <identifier value="53128d9b-cede-4c7f-8904-809eab322d7d"/>
          <code value="transient-error"/>
          <details>
            <reference value="OperationOutcome/821ae7c4-702f-431e-a0fc-32abcac1f248"/>
          </details>
        </response>
        <definition value="http://medcomfhir.dk/ig/acknowledgement/medcom-acknowledgement-message-definition|2.0.0"/>
      </MessageHeader>
    </resource>
  </entry>
  <entry>
    <fullUrl value="https://medcomfhir.dk/ig/acknowledgement/Provenance/9ba01c4e-80f5-4770-a301-d55ffe69e253"/>
    <resource>
      <Provenance>
        <id value="9ba01c4e-80f5-4770-a301-d55ffe69e253"/>
        <meta>
          <profile value="http://medcomfhir.dk/ig/messaging/StructureDefinition/medcom-messaging-provenance"/>
        </meta>
        <text>
          <status value="generated"/><div xmlns="http://www.w3.org/1999/xhtml"><a name="Provenance_9ba01c4e-80f5-4770-a301-d55ffe69e253"> </a><p class="res-header-id"><b>Generated Narrative: Provenance 9ba01c4e-80f5-4770-a301-d55ffe69e253</b></p><a name="9ba01c4e-80f5-4770-a301-d55ffe69e253"> </a><a name="hc9ba01c4e-80f5-4770-a301-d55ffe69e253"> </a><a name="9ba01c4e-80f5-4770-a301-d55ffe69e253-da-DK"> </a><p>Provenance for <a href="MessageHeader-42cb9200-f421-4d08-8391-7d51a2503cb4.html">MessageHeader: event[x] = Care Communication Message (MedComMessagingEventCodes#care-communication-message)</a></p><p>Summary</p><table class="grid"><tr><td>Occurrence</td><td>2024-12-05 11:15:20+0100</td></tr><tr><td>Recorded</td><td>2024-12-05 11:15:20+0000</td></tr><tr><td>Activity</td><td><span title="Codes:{http://medcomfhir.dk/ig/terminology/CodeSystem/medcom-messaging-activityCodes new-message}">A new message has been sent</span></td></tr></table><p><b>Agents</b></p><table class="grid"><tr><td><b>who</b></td></tr><tr><td><a href="Organization-786e8cc2-f8b1-4270-872c-1a0e8a06d9d0.html">Organization Sender Organization</a></td></tr></table></div>
        </text>
        <target>
          <reference value="MessageHeader/42cb9200-f421-4d08-8391-7d51a2503cb4"/>
        </target>
        <occurredDateTime value="2024-12-05T11:15:20+01:00"/>
        <recorded value="2024-12-05T11:15:20Z"/>
        <activity>
          <coding>
            <system value="http://medcomfhir.dk/ig/terminology/CodeSystem/medcom-messaging-activityCodes"/>
            <code value="new-message"/>
          </coding>
        </activity>
        <agent>
          <who>
            <reference value="Organization/786e8cc2-f8b1-4270-872c-1a0e8a06d9d0"/>
          </who>
        </agent>
      </Provenance>
    </resource>
  </entry>
  <entry>
    <fullUrl value="https://medcomfhir.dk/ig/acknowledgement/Provenance/90d4a003-c0a7-4ed5-a548-7c669030a2be"/>
    <resource>
      <Provenance>
        <id value="90d4a003-c0a7-4ed5-a548-7c669030a2be"/>
        <meta>
          <profile value="http://medcomfhir.dk/ig/messaging/StructureDefinition/medcom-messaging-provenance"/>
        </meta>
        <text>
          <status value="generated"/><div xmlns="http://www.w3.org/1999/xhtml"><a name="Provenance_90d4a003-c0a7-4ed5-a548-7c669030a2be"> </a><p class="res-header-id"><b>Generated Narrative: Provenance 90d4a003-c0a7-4ed5-a548-7c669030a2be</b></p><a name="90d4a003-c0a7-4ed5-a548-7c669030a2be"> </a><a name="hc90d4a003-c0a7-4ed5-a548-7c669030a2be"> </a><a name="90d4a003-c0a7-4ed5-a548-7c669030a2be-da-DK"> </a><p>Provenance for <a href="MessageHeader-fb00b77f-c2d5-4f4e-ab3f-1f257b06cae7.html">MessageHeader: event[x] = Acknowledgement Message (MedComMessagingEventCodes#acknowledgement-message); definition = http://medcomfhir.dk/ig/acknowledgement/medcom-acknowledgement-message-definition|2.0.0</a></p><p>Summary</p><table class="grid"><tr><td>Occurrence</td><td>2024-12-05 11:15:20+0100</td></tr><tr><td>Recorded</td><td>2024-12-05 11:15:20+0000</td></tr><tr><td>Activity</td><td><span title="Codes:{http://medcomfhir.dk/ig/terminology/CodeSystem/medcom-messaging-activityCodes acknowledgement}">Acknowledgement message has been sent</span></td></tr></table><p><b>Agents</b></p><table class="grid"><tr><td><b>who</b></td></tr><tr><td><a href="Organization-6a52c4a7-5025-4b7f-ae1e-df164c9a4739.html">Organization Receiver Organization</a></td></tr></table></div>
        </text>
        <target>
          <reference value="MessageHeader/fb00b77f-c2d5-4f4e-ab3f-1f257b06cae7"/>
        </target>
        <occurredDateTime value="2024-12-05T11:15:20+01:00"/>
        <recorded value="2024-12-05T11:15:20Z"/>
        <activity>
          <coding>
            <system value="http://medcomfhir.dk/ig/terminology/CodeSystem/medcom-messaging-activityCodes"/>
            <code value="acknowledgement"/>
          </coding>
        </activity>
        <agent>
          <who>
            <reference value="Organization/6a52c4a7-5025-4b7f-ae1e-df164c9a4739"/>
          </who>
        </agent>
        <entity>
          <role value="revision"/>
          <what>
            <reference value="MessageHeader/42cb9200-f421-4d08-8391-7d51a2503cb4"/>
          </what>
        </entity>
      </Provenance>
    </resource>
  </entry>
  <entry>
    <fullUrl value="https://medcomfhir.dk/ig/acknowledgement/Organization/786e8cc2-f8b1-4270-872c-1a0e8a06d9d0"/>
    <resource>
      <Organization>
        <id value="786e8cc2-f8b1-4270-872c-1a0e8a06d9d0"/>
        <meta>
          <profile value="http://medcomfhir.dk/ig/messaging/StructureDefinition/medcom-messaging-organization"/>
        </meta>
        <text>
          <status value="generated"/><div xmlns="http://www.w3.org/1999/xhtml"><a name="Organization_786e8cc2-f8b1-4270-872c-1a0e8a06d9d0"> </a><p class="res-header-id"><b>Generated Narrative: Organization 786e8cc2-f8b1-4270-872c-1a0e8a06d9d0</b></p><a name="786e8cc2-f8b1-4270-872c-1a0e8a06d9d0"> </a><a name="hc786e8cc2-f8b1-4270-872c-1a0e8a06d9d0"> </a><a name="786e8cc2-f8b1-4270-872c-1a0e8a06d9d0-da-DK"> </a><p><b>identifier</b>: <code>https://www.gs1.org/gln</code>/5790001348120, <code>urn:oid:1.2.208.176.1.1</code>/953741000016009</p><p><b>name</b>: Sender Organization</p></div>
        </text>
        <identifier>
          <system value="https://www.gs1.org/gln"/>
          <value value="5790001348120"/>
        </identifier>
        <identifier>
          <system value="urn:oid:1.2.208.176.1.1"/>
          <value value="953741000016009"/>
        </identifier>
        <name value="Sender Organization"/>
      </Organization>
    </resource>
  </entry>
  <entry>
    <fullUrl value="https://medcomfhir.dk/ig/acknowledgement/Organization/6a52c4a7-5025-4b7f-ae1e-df164c9a4739"/>
    <resource>
      <Organization>
        <id value="6a52c4a7-5025-4b7f-ae1e-df164c9a4739"/>
        <meta>
          <profile value="http://medcomfhir.dk/ig/messaging/StructureDefinition/medcom-messaging-organization"/>
        </meta>
        <text>
          <status value="generated"/><div xmlns="http://www.w3.org/1999/xhtml"><a name="Organization_6a52c4a7-5025-4b7f-ae1e-df164c9a4739"> </a><p class="res-header-id"><b>Generated Narrative: Organization 6a52c4a7-5025-4b7f-ae1e-df164c9a4739</b></p><a name="6a52c4a7-5025-4b7f-ae1e-df164c9a4739"> </a><a name="hc6a52c4a7-5025-4b7f-ae1e-df164c9a4739"> </a><a name="6a52c4a7-5025-4b7f-ae1e-df164c9a4739-da-DK"> </a><p><b>identifier</b>: <code>https://www.gs1.org/gln</code>/5790000209354, <code>urn:oid:1.2.208.176.1.1</code>/265161000016000</p><p><b>name</b>: Receiver Organization</p></div>
        </text>
        <identifier>
          <system value="https://www.gs1.org/gln"/>
          <value value="5790000209354"/>
        </identifier>
        <identifier>
          <system value="urn:oid:1.2.208.176.1.1"/>
          <value value="265161000016000"/>
        </identifier>
        <name value="Receiver Organization"/>
      </Organization>
    </resource>
  </entry>
  <entry>
    <fullUrl value="https://medcomfhir.dk/ig/acknowledgement/OperationOutcome/821ae7c4-702f-431e-a0fc-32abcac1f248"/>
    <resource>
      <OperationOutcome>
        <id value="821ae7c4-702f-431e-a0fc-32abcac1f248"/>
        <meta>
          <profile value="http://medcomfhir.dk/ig/acknowledgement/StructureDefinition/medcom-acknowledgement-operationoutcome"/>
        </meta>
        <text>
          <status value="generated"/><div xmlns="http://www.w3.org/1999/xhtml"><a name="OperationOutcome_821ae7c4-702f-431e-a0fc-32abcac1f248"> </a><p class="res-header-id"><b>Generated Narrative: OperationOutcome 821ae7c4-702f-431e-a0fc-32abcac1f248</b></p><a name="821ae7c4-702f-431e-a0fc-32abcac1f248"> </a><a name="hc821ae7c4-702f-431e-a0fc-32abcac1f248"> </a><a name="821ae7c4-702f-431e-a0fc-32abcac1f248-da-DK"> </a><h3>Issues</h3><table class="grid"><tr><td style="display: none">-</td><td><b>Severity</b></td><td><b>Code</b></td><td><b>Details</b></td></tr><tr><td style="display: none">*</td><td>Information</td><td>Informational Note</td><td><span title="Codes:">No summary for the Patient instance.</span></td></tr></table></div>
        </text>
        <issue>
          <severity value="information"/>
          <code value="informational"/>
          <details>
            <text value="No summary for the Patient instance."/>
          </details>
        </issue>
      </OperationOutcome>
    </resource>
  </entry>
</Bundle>