<?xml version="1.0" encoding="UTF-8"?>

<Bundle xmlns="http://hl7.org/fhir">
  <id value="47a4b02a-18a0-4dac-993b-7f07a8b16466"/>
  <meta>
    <profile value="http://medcomfhir.dk/ig/acknowledgement/StructureDefinition/medcom-messaging-acknowledgement"/>
  </meta>
  <type value="message"/>
  <timestamp value="2024-12-05T10:15:00Z"/>
  <entry>
    <fullUrl value="https://medcomfhir.dk/ig/acknowledgement/MessageHeader/e290dc0c-235b-4b95-900d-fc897f7e8833"/>
    <resource>
      <MessageHeader>
        <id value="e290dc0c-235b-4b95-900d-fc897f7e8833"/>
        <meta>
          <profile value="http://medcomfhir.dk/ig/acknowledgement/StructureDefinition/medcom-messaging-acknowledgementHeader"/>
        </meta>
        <text>
          <status value="generated"/><div xmlns="http://www.w3.org/1999/xhtml"><a name="MessageHeader_e290dc0c-235b-4b95-900d-fc897f7e8833"> </a><p class="res-header-id"><b>Generated Narrative: MessageHeader e290dc0c-235b-4b95-900d-fc897f7e8833</b></p><a name="e290dc0c-235b-4b95-900d-fc897f7e8833"> </a><a name="hce290dc0c-235b-4b95-900d-fc897f7e8833"> </a><a name="e290dc0c-235b-4b95-900d-fc897f7e8833-da-DK"> </a><p><b>event</b>: <a href="http://medcomfhir.dk/ig/terminology/1.7.0/CodeSystem-medcom-messaging-eventCodes.html#medcom-messaging-eventCodes-acknowledgement-message">MedComMessagingEventCodes acknowledgement-message</a>: Acknowledgement Message</p><h3>Destinations</h3><table class="grid"><tr><td style="display: none">-</td><td><b>Extension</b></td><td><b>Endpoint</b></td><td><b>Receiver</b></td></tr><tr><td style="display: none">*</td><td/><td><a href="https://sor2.sum.dsdn.dk/#id=265161000016000">https://sor2.sum.dsdn.dk/#id=265161000016000</a></td><td><a href="Organization-df472f2c-578e-472a-80af-ce3d6375a57a.html">Organization Receiver Organization</a></td></tr></table><p><b>sender</b>: <a href="Organization-5759f328-0999-4a0c-8d0f-c693f025f02d.html">Organization Sender Organization</a></p><h3>Sources</h3><table class="grid"><tr><td style="display: none">-</td><td><b>Endpoint</b></td></tr><tr><td style="display: none">*</td><td><a href="https://sor2.sum.dsdn.dk/#id=953741000016009">https://sor2.sum.dsdn.dk/#id=953741000016009</a></td></tr></table><h3>Responses</h3><table class="grid"><tr><td style="display: none">-</td><td><b>Identifier</b></td><td><b>Code</b></td></tr><tr><td style="display: none">*</td><td>42cb9200-f421-4d08-8391-7d51a2503cb4</td><td>OK</td></tr></table><p><b>definition</b>: <code>http://medcomfhir.dk/ig/acknowledgement/medcom-acknowledgement-message-definition|2.0.0</code></p></div>
        </text>
        <eventCoding>
          <system value="http://medcomfhir.dk/ig/terminology/CodeSystem/medcom-messaging-eventCodes"/>
          <code value="acknowledgement-message"/>
        </eventCoding>
        <destination>
          <extension url="http://medcomfhir.dk/ig/messaging/StructureDefinition/medcom-messaging-destinationUseExtension">
            <valueCoding>
              <system value="http://medcomfhir.dk/ig/terminology/CodeSystem/medcom-messaging-destinationUse"/>
              <code value="primary"/>
            </valueCoding>
          </extension>
          <endpoint value="https://sor2.sum.dsdn.dk/#id=265161000016000"/>
          <receiver>
            <reference value="Organization/df472f2c-578e-472a-80af-ce3d6375a57a"/>
          </receiver>
        </destination>
        <sender>
          <reference value="Organization/5759f328-0999-4a0c-8d0f-c693f025f02d"/>
        </sender>
        <source>
          <endpoint value="https://sor2.sum.dsdn.dk/#id=953741000016009"/>
        </source>
        <response>
          <identifier value="42cb9200-f421-4d08-8391-7d51a2503cb4"/>
          <code value="ok"/>
        </response>
        <definition value="http://medcomfhir.dk/ig/acknowledgement/medcom-acknowledgement-message-definition|2.0.0"/>
      </MessageHeader>
    </resource>
  </entry>
  <entry>
    <fullUrl value="https://medcomfhir.dk/ig/acknowledgement/Provenance/c9b81253-d61f-4cca-8230-50f78baa432f"/>
    <resource>
      <Provenance>
        <id value="c9b81253-d61f-4cca-8230-50f78baa432f"/>
        <meta>
          <profile value="http://medcomfhir.dk/ig/messaging/StructureDefinition/medcom-messaging-provenance"/>
        </meta>
        <text>
          <status value="generated"/><div xmlns="http://www.w3.org/1999/xhtml"><a name="Provenance_c9b81253-d61f-4cca-8230-50f78baa432f"> </a><p class="res-header-id"><b>Generated Narrative: Provenance c9b81253-d61f-4cca-8230-50f78baa432f</b></p><a name="c9b81253-d61f-4cca-8230-50f78baa432f"> </a><a name="hcc9b81253-d61f-4cca-8230-50f78baa432f"> </a><a name="c9b81253-d61f-4cca-8230-50f78baa432f-da-DK"> </a><p>Provenance for <a href="MessageHeader-42cb9200-f421-4d08-8391-7d51a2503cb4.html">MessageHeader: event[x] = Care Communication Message (MedComMessagingEventCodes#care-communication-message)</a></p><p>Summary</p><table class="grid"><tr><td>Occurrence</td><td>2024-12-05 10:15:00+0200</td></tr><tr><td>Recorded</td><td>2024-12-05 10:15:00+0200</td></tr><tr><td>Activity</td><td><span title="Codes:{http://medcomfhir.dk/ig/terminology/CodeSystem/medcom-messaging-activityCodes new-message}">A new message has been sent</span></td></tr></table><p><b>Agents</b></p><table class="grid"><tr><td><b>who</b></td></tr><tr><td><a href="Organization-5759f328-0999-4a0c-8d0f-c693f025f02d.html">Organization Sender Organization</a></td></tr></table></div>
        </text>
        <target>
          <reference value="MessageHeader/42cb9200-f421-4d08-8391-7d51a2503cb4"/>
        </target>
        <occurredDateTime value="2024-12-05T10:15:00+02:00"/>
        <recorded value="2024-12-05T10:15:00+02:00"/>
        <activity>
          <coding>
            <system value="http://medcomfhir.dk/ig/terminology/CodeSystem/medcom-messaging-activityCodes"/>
            <code value="new-message"/>
          </coding>
        </activity>
        <agent>
          <who>
            <reference value="Organization/5759f328-0999-4a0c-8d0f-c693f025f02d"/>
          </who>
        </agent>
      </Provenance>
    </resource>
  </entry>
  <entry>
    <fullUrl value="https://medcomfhir.dk/ig/acknowledgement/Provenance/0591e40a-8990-41f6-8232-352dddd79c29"/>
    <resource>
      <Provenance>
        <id value="0591e40a-8990-41f6-8232-352dddd79c29"/>
        <meta>
          <profile value="http://medcomfhir.dk/ig/messaging/StructureDefinition/medcom-messaging-provenance"/>
        </meta>
        <text>
          <status value="generated"/><div xmlns="http://www.w3.org/1999/xhtml"><a name="Provenance_0591e40a-8990-41f6-8232-352dddd79c29"> </a><p class="res-header-id"><b>Generated Narrative: Provenance 0591e40a-8990-41f6-8232-352dddd79c29</b></p><a name="0591e40a-8990-41f6-8232-352dddd79c29"> </a><a name="hc0591e40a-8990-41f6-8232-352dddd79c29"> </a><a name="0591e40a-8990-41f6-8232-352dddd79c29-da-DK"> </a><p>Provenance for <a href="MessageHeader-e290dc0c-235b-4b95-900d-fc897f7e8833.html">MessageHeader: event[x] = Acknowledgement Message (MedComMessagingEventCodes#acknowledgement-message); definition = http://medcomfhir.dk/ig/acknowledgement/medcom-acknowledgement-message-definition|2.0.0</a></p><p>Summary</p><table class="grid"><tr><td>Occurrence</td><td>2024-12-05 10:15:20+0100</td></tr><tr><td>Recorded</td><td>2024-12-05 10:15:20+0000</td></tr><tr><td>Activity</td><td><span title="Codes:{http://medcomfhir.dk/ig/terminology/CodeSystem/medcom-messaging-activityCodes acknowledgement}">Acknowledgement message has been sent</span></td></tr></table><p><b>Agents</b></p><table class="grid"><tr><td><b>who</b></td></tr><tr><td><a href="Organization-df472f2c-578e-472a-80af-ce3d6375a57a.html">Organization Receiver Organization</a></td></tr></table></div>
        </text>
        <target>
          <reference value="MessageHeader/e290dc0c-235b-4b95-900d-fc897f7e8833"/>
        </target>
        <occurredDateTime value="2024-12-05T10:15:20+01:00"/>
        <recorded value="2024-12-05T10:15:20Z"/>
        <activity>
          <coding>
            <system value="http://medcomfhir.dk/ig/terminology/CodeSystem/medcom-messaging-activityCodes"/>
            <code value="acknowledgement"/>
          </coding>
        </activity>
        <agent>
          <who>
            <reference value="Organization/df472f2c-578e-472a-80af-ce3d6375a57a"/>
          </who>
        </agent>
        <entity>
          <role value="revision"/>
          <what>
            <reference value="MessageHeader/42cb9200-f421-4d08-8391-7d51a2503cb4"/>
          </what>
        </entity>
      </Provenance>
    </resource>
  </entry>
  <entry>
    <fullUrl value="https://medcomfhir.dk/ig/acknowledgement/Organization/5759f328-0999-4a0c-8d0f-c693f025f02d"/>
    <resource>
      <Organization>
        <id value="5759f328-0999-4a0c-8d0f-c693f025f02d"/>
        <meta>
          <profile value="http://medcomfhir.dk/ig/messaging/StructureDefinition/medcom-messaging-organization"/>
        </meta>
        <text>
          <status value="generated"/><div xmlns="http://www.w3.org/1999/xhtml"><a name="Organization_5759f328-0999-4a0c-8d0f-c693f025f02d"> </a><p class="res-header-id"><b>Generated Narrative: Organization 5759f328-0999-4a0c-8d0f-c693f025f02d</b></p><a name="5759f328-0999-4a0c-8d0f-c693f025f02d"> </a><a name="hc5759f328-0999-4a0c-8d0f-c693f025f02d"> </a><a name="5759f328-0999-4a0c-8d0f-c693f025f02d-da-DK"> </a><p><b>identifier</b>: <code>https://www.gs1.org/gln</code>/5790001348120, <code>urn:oid:1.2.208.176.1.1</code>/953741000016009</p><p><b>name</b>: Sender Organization</p></div>
        </text>
        <identifier>
          <system value="https://www.gs1.org/gln"/>
          <value value="5790001348120"/>
        </identifier>
        <identifier>
          <system value="urn:oid:1.2.208.176.1.1"/>
          <value value="953741000016009"/>
        </identifier>
        <name value="Sender Organization"/>
      </Organization>
    </resource>
  </entry>
  <entry>
    <fullUrl value="https://medcomfhir.dk/ig/acknowledgement/Organization/df472f2c-578e-472a-80af-ce3d6375a57a"/>
    <resource>
      <Organization>
        <id value="df472f2c-578e-472a-80af-ce3d6375a57a"/>
        <meta>
          <profile value="http://medcomfhir.dk/ig/messaging/StructureDefinition/medcom-messaging-organization"/>
        </meta>
        <text>
          <status value="generated"/><div xmlns="http://www.w3.org/1999/xhtml"><a name="Organization_df472f2c-578e-472a-80af-ce3d6375a57a"> </a><p class="res-header-id"><b>Generated Narrative: Organization df472f2c-578e-472a-80af-ce3d6375a57a</b></p><a name="df472f2c-578e-472a-80af-ce3d6375a57a"> </a><a name="hcdf472f2c-578e-472a-80af-ce3d6375a57a"> </a><a name="df472f2c-578e-472a-80af-ce3d6375a57a-da-DK"> </a><p><b>identifier</b>: <code>https://www.gs1.org/gln</code>/5790000209354, <code>urn:oid:1.2.208.176.1.1</code>/265161000016000</p><p><b>name</b>: Receiver Organization</p></div>
        </text>
        <identifier>
          <system value="https://www.gs1.org/gln"/>
          <value value="5790000209354"/>
        </identifier>
        <identifier>
          <system value="urn:oid:1.2.208.176.1.1"/>
          <value value="265161000016000"/>
        </identifier>
        <name value="Receiver Organization"/>
      </Organization>
    </resource>
  </entry>
</Bundle>